Time,Marble Name,Level
00:01:08.0,Tyco,1
00:01:12.0,Berangere,1
00:02:55.0,Hasangjekaj,1
00:03:30.0,Confouryou,1
00:03:35.0,Hasangjekaj,2
00:04:09.0,Blank,1
00:04:22.0,Blank,2
00:04:44.0,Zongzi,1
00:04:47.0,Zongzi,2
00:05:11.0,Syuvi III,1
00:05:57.0,Iturrioz,1
00:06:20.0,Jomo,2
00:07:53.0,Naufal,1
00:08:00.0,Naufal,2
00:08:04.0,JPMMXIV,1
00:08:05.0,JPMMXIV,2
00:08:51.0,Tyco,2
00:08:57.0,Wyldcloak,1
00:11:09.0,SaltyBreadFairy III,1
00:11:43.0,Ry,1
00:12:08.0,Andy IX,1
00:12:12.0,Taiyo,1
00:12:12.0,Taiyo,2
00:12:51.0,Wtfovr,1
00:13:25.0,Ry,2
00:13:42.0,Obstagoon V,1
00:13:50.0,Obstagoon V,2
00:14:27.0,IridumSky VI,1
00:15:05.0,Wtfovr,2
00:15:41.0,Iturrioz,2
00:15:55.0,Berangere,2
00:16:02.0,Greshul,1
00:17:04.0,Obstagoon V,3
00:17:27.0,Quackhead,1
00:17:29.0,Yukikazeri,1
00:17:31.0,Greshul,2
00:17:36.0,Quackhead,2
00:17:41.0,Zinfane,1
00:17:43.0,Sssisssii,1
00:17:57.0,Quackhead,3
00:18:02.0,Yukikazeri,2
00:18:50.0,Echfaz,1
00:18:53.0,Satoshi,1
00:18:57.0,Satoshi,2
00:21:33.0,Ovo,1
00:22:44.0,Stickham,1
00:22:46.0,Mccorn,1
00:23:02.0,Mccorn,2
00:23:31.0,Jordan Tyo XI,1
00:23:35.0,Jordan Tyo XI,2
00:23:37.0,Rainbow,1
00:23:53.0,Toby II,1
00:24:12.0,IridumSky VI,2
00:24:14.0,Fais,1
00:25:56.0,Leea,1
00:26:08.0,Irida,1
00:26:10.0,Irida,2
00:26:12.0,Belenir,1
00:26:13.0,Fais,2
00:26:55.0,Kinemod,1
00:26:57.0,Kinemod,2
00:27:11.0,Jaxion,1
00:27:29.0,Hasangjekaj,3
00:27:30.0,Jaxion,2
00:28:24.0,Tpvo,1
00:29:04.0,Trinitwo,1
00:29:13.0,Stickham,2
00:29:21.0,Manipul,1
00:29:22.0,Erebos,1
00:29:24.0,Manipul,2
00:29:28.0,Erebos,2
00:29:37.0,Zinfane,2
00:30:06.0,Zinfane,3
00:30:08.0,Yukikazeri,3
00:30:11.0,Aintzile,1
00:30:14.0,Aintzile,2
00:30:18.0,Aintzile,3
00:30:24.0,Zuri,1
00:30:38.0,Aintzile,4
00:30:57.0,Witlutis,1
00:30:59.0,Unlucky,1
00:31:14.0,Unlucky,2
00:31:29.0,Fais,3
00:32:47.0,Ethelse,1
00:32:53.0,Xenagoras,1
00:33:06.0,Manipul,3
00:33:15.0,Witlutis,2
00:33:21.0,Zuri,2
00:34:25.0,Dahea,1
00:35:30.0,Mccorn,3
00:35:36.0,Fais,4
00:36:16.0,Leea,2
00:38:49.0,Fais,5
00:39:02.0,Leea,3
00:39:39.0,Jaxion,3
00:39:42.0,Dahea,2
00:39:47.0,Irida,3
00:39:52.0,Irida,4
00:40:19.0,Irida,5
00:41:20.0,Zaggorath,1
00:41:20.0,Zaggorath,2
00:41:44.0,Dahea,3
00:42:39.0,Leea,4
00:42:44.0,Xenagoras,2
00:42:49.0,TheDragonWarden V,1
00:42:50.0,TheDragonWarden V,2
00:42:56.0,Snoozepilled IV,1
00:43:44.0,Toby II,2
00:45:05.0,Gaphop,1
00:45:44.0,Toby II,3
00:46:17.0,Stippo,1
00:46:25.0,Stippo,2
00:46:54.0,Stippo,3
00:47:30.0,Gaphop,2
00:48:20.0,Toby II,4
00:52:02.0,Muffinskill XIII,1
00:52:49.0,Sanae,1
00:52:56.0,Sanae,2
00:56:04.0,Manipul,4
00:56:34.0,Imelda,4
00:56:37.0,Toby II,5
00:56:38.0,Egburt,1
00:56:38.0,Muffinskill XIII,2
00:56:40.0,Ethelse,2
00:56:50.0,Imelda,5
00:57:47.0,Toby II,6
01:01:11.0,Hasangjekaj,4
01:02:57.0,Decaster,1
01:03:36.0,Chellbryt,1
01:04:09.0,Imelda,6
01:04:10.0,Decaster,2
01:04:11.0,Nokyra,1
01:04:13.0,Nokyra,2
01:04:15.0,Indiumlove,1
01:04:17.0,Muffinskill XIII,3
01:04:21.0,Indiumlove,2
01:04:25.0,Toby II,7
01:04:26.0,Muffinskill XIII,4
01:04:26.0,Leea,5
01:04:29.0,Toby II,8
01:04:30.0,Muffinskill XIII,5
01:04:32.0,Egburt,2
01:04:37.0,Imelda,7
01:04:53.0,Toby II,9
01:04:57.0,Muffinskill XIII,6
01:06:08.0,(b)engel XII,1
01:06:15.0,Fais,6
01:06:17.0,(b)engel XII,2
01:06:19.0,Toby II,10
01:06:28.0,Imelda,8
01:07:11.0,Chellbryt,2
